{
  "version": 1,
  "author": "Ruibo Chen",
  "editor": "wokwi",
  "parts": [
    { "type": "wokwi-arduino-uno", "id": "uno", "top": 0, "left": 0, "attrs": {} },
    {
      "type": "wokwi-potentiometer",
      "id": "pot1",
      "top": 235.15,
      "left": 127.45,
      "rotate": 180,
      "attrs": {}
    },
    {
      "type": "wokwi-led",
      "id": "led1",
      "top": -77.06,
      "left": 139.27,
      "attrs": { "color": "red" }
    },
    {
      "type": "wokwi-resistor",
      "id": "r1",
      "top": -47.83,
      "left": 192.75,
      "attrs": { "value": "1000" }
    }
  ],
  "connections": [
    [ "pot1:GND", "uno:GND.3", "black", [ "v0" ] ],
    [ "pot1:SIG", "uno:A0", "green", [ "h65.81", "v-55.15" ] ],
    [ "uno:GND.1", "led1:C", "black", [ "v0" ] ],
    [ "led1:A", "r1:1", "green", [ "v0" ] ],
    [ "uno:5V", "pot1:VCC", "red", [ "v0" ] ],
    [ "uno:2", "r1:2", "green", [ "v0" ] ]
  ]
}